No,Category,Icon Name,Keywords,Library,Import Code,Usage,Best For,Style
1,Navigation,list,hamburger menu navigation toggle bars,Phosphor,import { List } from '@phosphor-icons/react',"<List size={20} weight=""regular"" />",Mobile nav drawer for practice areas & attorney directory,Outline
2,Navigation,arrow-left,back previous return navigate,Phosphor,import { ArrowLeft } from '@phosphor-icons/react',"<ArrowLeft size={20} weight=""regular"" />",Back to case list or practice area navigation,Outline
3,Navigation,arrow-right,next forward continue navigate,Phosphor,import { ArrowRight } from '@phosphor-icons/react',"<ArrowRight size={20} weight=""regular"" />","Free consultation CTA, next intake step",Outline
4,Navigation,caret-down,dropdown expand accordion select,Phosphor,import { CaretDown } from '@phosphor-icons/react',"<CaretDown size={20} weight=""regular"" />","Practice areas dropdown, FAQ accordion",Outline
5,Navigation,caret-up,collapse close accordion minimize,Phosphor,import { CaretUp } from '@phosphor-icons/react',"<CaretUp size={20} weight=""regular"" />",Collapse FAQ or case details accordion,Outline
6,Navigation,house,homepage main dashboard start,Phosphor,import { House } from '@phosphor-icons/react',"<House size={20} weight=""regular"" />",Home navigation for law firm site,Outline
7,Navigation,x,close cancel dismiss remove exit,Phosphor,import { X } from '@phosphor-icons/react',"<X size={20} weight=""regular"" />",Close consultation or intake modal,Outline
8,Navigation,arrow-square-out,open new tab external link,Phosphor,import { ArrowSquareOut } from '@phosphor-icons/react',"<ArrowSquareOut size={20} weight=""regular"" />",Link to court records or external statute,Outline
9,Action,plus,add create new insert,Phosphor,import { Plus } from '@phosphor-icons/react',"<Plus size={20} weight=""regular"" />","Add new case, client or matter",Outline
10,Action,minus,remove subtract decrease delete,Phosphor,import { Minus } from '@phosphor-icons/react',"<Minus size={20} weight=""regular"" />",Remove line item from invoice or filing,Outline
11,Action,trash,delete remove discard bin,Phosphor,import { Trash } from '@phosphor-icons/react',"<Trash size={20} weight=""regular"" />",Delete draft document (with confirmation),Outline
12,Action,pencil-simple,pencil modify change update,Phosphor,import { PencilSimple } from '@phosphor-icons/react',"<PencilSimple size={20} weight=""regular"" />",Edit case notes or client details,Outline
13,Action,floppy-disk,disk store persist save,Phosphor,import { FloppyDisk } from '@phosphor-icons/react',"<FloppyDisk size={20} weight=""regular"" />",Save case file or draft contract,Outline
14,Action,download-simple,export save file download,Phosphor,import { DownloadSimple } from '@phosphor-icons/react',"<DownloadSimple size={20} weight=""regular"" />","Download contract, court filing or invoice PDF",Outline
15,Action,upload-simple,import file attach upload,Phosphor,import { UploadSimple } from '@phosphor-icons/react',"<UploadSimple size={20} weight=""regular"" />","Upload evidence, exhibit or signed document",Outline
16,Action,copy,duplicate clipboard paste,Phosphor,import { Copy } from '@phosphor-icons/react',"<Copy size={20} weight=""regular"" />",Copy case number or legal citation,Outline
17,Action,share,social distribute send,Phosphor,import { Share } from '@phosphor-icons/react',"<Share size={20} weight=""regular"" />",Share case document with co-counsel,Outline
18,Action,magnifying-glass,find lookup search case law clients documents,Phosphor,import { MagnifyingGlass } from '@phosphor-icons/react',"<MagnifyingGlass size={20} weight=""regular"" />","Search case law, clients or documents",Outline
19,Action,funnel,sort refine narrow options,Phosphor,import { Funnel } from '@phosphor-icons/react',"<Funnel size={20} weight=""regular"" />",Filter cases by practice area or status,Outline
20,Action,gear,gear cog preferences config,Phosphor,import { Gear } from '@phosphor-icons/react',"<Gear size={20} weight=""regular"" />",Client portal settings and preferences,Outline
21,Status,check,success done complete verified,Phosphor,import { Check } from '@phosphor-icons/react',"<Check size={20} weight=""regular"" />","Task complete, filing deadline met",Outline
22,Status,check-circle,success verified approved complete,Phosphor,import { CheckCircle } from '@phosphor-icons/react',"<CheckCircle size={20} weight=""regular"" />","Verified filing, approved document",Outline
23,Status,x-circle,error failed cancel rejected,Phosphor,import { XCircle } from '@phosphor-icons/react',"<XCircle size={20} weight=""regular"" />","Rejected filing, failed verification",Outline
24,Status,warning,warning caution attention danger,Phosphor,import { Warning } from '@phosphor-icons/react',"<Warning size={20} weight=""regular"" />","Statute of limitations warning, missing document",Outline
25,Status,warning-circle,info notice information help,Phosphor,import { WarningCircle } from '@phosphor-icons/react',"<WarningCircle size={20} weight=""regular"" />","Case deadline notice, compliance alert",Outline
26,Status,info,information help tooltip details,Phosphor,import { Info } from '@phosphor-icons/react',"<Info size={20} weight=""regular"" />","Legal disclaimer tooltip, case info",Outline
27,Status,circle-notch,loading spinner processing wait,Phosphor,import { CircleNotch } from '@phosphor-icons/react',"<CircleNotch size={20} weight=""regular"" className=""animate-spin"" />",Loading case records,Outline
28,Status,clock,time deadline statute limitations court schedule pending,Phosphor,import { Clock } from '@phosphor-icons/react',"<Clock size={20} weight=""regular"" />","Statute of limitations, court deadline countdown",Outline
29,Communication,envelope,email message inbox letter,Phosphor,import { Envelope } from '@phosphor-icons/react',"<Envelope size={20} weight=""regular"" />","Contact attorney, secure email intake",Outline
30,Communication,chat-circle,chat comment bubble conversation,Phosphor,import { ChatCircle } from '@phosphor-icons/react',"<ChatCircle size={20} weight=""regular"" />","Live consultation chat, client messaging",Outline
31,Communication,phone,call phone attorney hotline contact 24/7 emergency,Phosphor,import { Phone } from '@phosphor-icons/react',"<Phone size={20} weight=""regular"" />",24/7 attorney hotline CTA,Outline
32,Communication,paper-plane-tilt,submit dispatch message airplane,Phosphor,import { PaperPlaneTilt } from '@phosphor-icons/react',"<PaperPlaneTilt size={20} weight=""regular"" />",Submit case evaluation form,Outline
33,Communication,bell,notification alert ring reminder,Phosphor,import { Bell } from '@phosphor-icons/react',"<Bell size={20} weight=""regular"" />",Court date and deadline notifications,Outline
34,User,user,profile account attorney lawyer client portal person,Phosphor,import { User } from '@phosphor-icons/react',"<User size={20} weight=""regular"" />","Attorney profile, client portal account",Outline
35,User,users,team group partners associates legal staff members,Phosphor,import { Users } from '@phosphor-icons/react',"<Users size={20} weight=""regular"" />","Legal team, partners & associates",Outline
36,User,user-plus,add invite new member,Phosphor,import { UserPlus } from '@phosphor-icons/react',"<UserPlus size={20} weight=""regular"" />",Add new client or co-counsel,Outline
37,User,sign-in,signin authenticate enter,Phosphor,import { SignIn } from '@phosphor-icons/react',"<SignIn size={20} weight=""regular"" />",Client portal login,Outline
38,User,sign-out,signout exit leave logout,Phosphor,import { SignOut } from '@phosphor-icons/react',"<SignOut size={20} weight=""regular"" />",Client portal logout,Outline
39,Media,image,photo picture gallery thumbnail,Phosphor,import { Image } from '@phosphor-icons/react',"<Image size={20} weight=""regular"" />","Evidence photo, attorney headshot",Outline
40,Media,video,movie film play record,Phosphor,import { Video } from '@phosphor-icons/react',"<Video size={20} weight=""regular"" />","Deposition video, attorney intro video",Outline
41,Media,play,start video audio media,Phosphor,import { Play } from '@phosphor-icons/react',"<Play size={20} weight=""regular"" />",Play deposition or testimonial video,Outline
42,Media,pause,stop halt video audio,Phosphor,import { Pause } from '@phosphor-icons/react',"<Pause size={20} weight=""regular"" />",Pause deposition recording,Outline
43,Communication,headset,consultation support headset call center attorney hotline,Phosphor,import { Headset } from '@phosphor-icons/react',"<Headset size={20} weight=""regular"" />","Free consultation hotline, client support desk",Outline
44,Media,microphone,microphone record deposition statement voice testimony,Phosphor,import { Microphone } from '@phosphor-icons/react',"<Microphone size={20} weight=""regular"" />",Record deposition or client statement,Outline
45,Legal,bank,courthouse bank building columns institution justice pillars,Phosphor,import { Bank } from '@phosphor-icons/react',"<Bank size={20} weight=""regular"" />","Courthouse, firm building, institutional trust",Outline
46,Legal,scales,justice balance scales fairness law verdict legal equity,Phosphor,import { Scales } from '@phosphor-icons/react',"<Scales size={20} weight=""regular"" />","Justice branding, law firm logo, fairness",Outline
47,Legal,gavel,gavel hammer verdict judge court ruling litigation,Phosphor,import { Gavel } from '@phosphor-icons/react',"<Gavel size={20} weight=""regular"" />","Verdict, court ruling, litigation practice",Outline
48,Commerce,credit-card,payment card retainer invoice legal fees checkout,Phosphor,import { CreditCard } from '@phosphor-icons/react',"<CreditCard size={20} weight=""regular"" />",Pay retainer or legal invoice online,Outline
49,Commerce,currency-dollar,money price currency cost,Phosphor,import { CurrencyDollar } from '@phosphor-icons/react',"<CurrencyDollar size={20} weight=""regular"" />","Legal fees, retainer, settlement amount",Outline
50,Legal,certificate,certificate bar credential license award qualification admission,Phosphor,import { Certificate } from '@phosphor-icons/react',"<Certificate size={20} weight=""regular"" />","Bar credentials, licenses, attorney qualifications",Outline
51,Legal,handshake,handshake settlement agreement deal consultation partnership,Phosphor,import { Handshake } from '@phosphor-icons/react',"<Handshake size={20} weight=""regular"" />","Settlement, consultation, client agreement",Outline
52,Legal,stamp,stamp seal notary approved certified official notarize,Phosphor,import { Stamp } from '@phosphor-icons/react',"<Stamp size={20} weight=""regular"" />","Notary seal, certified document, official approval",Outline
53,Data,chart-bar,analytics statistics graph metrics,Phosphor,import { ChartBar } from '@phosphor-icons/react',"<ChartBar size={20} weight=""regular"" />","Case outcome statistics, firm metrics",Outline
54,Data,chart-pie,statistics distribution breakdown,Phosphor,import { ChartPie } from '@phosphor-icons/react',"<ChartPie size={20} weight=""regular"" />","Case type distribution, practice breakdown",Outline
55,Data,trend-up,growth increase positive trend,Phosphor,import { TrendUp } from '@phosphor-icons/react',"<TrendUp size={20} weight=""regular"" />","Win rate growth, settlement trends",Outline
56,Data,trend-down,decline decrease negative trend,Phosphor,import { TrendDown } from '@phosphor-icons/react',"<TrendDown size={20} weight=""regular"" />",Reduced caseload or risk trend,Outline
57,Data,activity,pulse heartbeat monitor live,Phosphor,import { Activity } from '@phosphor-icons/react',"<Activity size={20} weight=""regular"" />","Case activity timeline, matter status",Outline
58,Data,database,storage database case files client records archive,Phosphor,import { Database } from '@phosphor-icons/react',"<Database size={20} weight=""regular"" />",Case files & client records database,Outline
59,Files,files,documents contracts files case records filings papers,Phosphor,import { Files } from '@phosphor-icons/react',"<Files size={20} weight=""regular"" />","Case documents, contracts, legal filings",Outline
60,Files,file-text,document text legal brief contract court filing,Phosphor,import { FileText } from '@phosphor-icons/react',"<FileText size={20} weight=""regular"" />","Legal brief, contract, court document",Outline
61,Files,folder,directory organize group files,Phosphor,import { Folder } from '@phosphor-icons/react',"<Folder size={20} weight=""regular"" />","Case folder, client matter organization",Outline
62,Files,folder-open,expanded browse files view,Phosphor,import { FolderOpen } from '@phosphor-icons/react',"<FolderOpen size={20} weight=""regular"" />",Browse case documents & exhibits,Outline
63,Files,paperclip,attachment attach file link,Phosphor,import { Paperclip } from '@phosphor-icons/react',"<Paperclip size={20} weight=""regular"" />",Attach exhibit or supporting document,Outline
64,Files,link,url hyperlink chain connect,Phosphor,import { Link } from '@phosphor-icons/react',"<Link size={20} weight=""regular"" />","Link to statute, citation or court record",Outline
65,Files,clipboard,clipboard intake checklist client form notes,Phosphor,import { Clipboard } from '@phosphor-icons/react',"<Clipboard size={20} weight=""regular"" />","Client intake form, case checklist",Outline
66,Layout,grid-four,tiles gallery layout dashboard,Phosphor,import { GridFour } from '@phosphor-icons/react',"<GridFour size={20} weight=""regular"" />","Practice areas grid, attorney gallery",Outline
67,Layout,list-bullets,rows table lines items,Phosphor,import { ListBullets } from '@phosphor-icons/react',"<ListBullets size={20} weight=""regular"" />","Case list, document list view",Outline
68,Layout,columns,layout split dual sidebar,Phosphor,import { Columns } from '@phosphor-icons/react',"<Columns size={20} weight=""regular"" />",Split case comparison view,Outline
69,Layout,arrows-out,fullscreen expand enlarge zoom,Phosphor,import { ArrowsOut } from '@phosphor-icons/react',"<ArrowsOut size={20} weight=""regular"" />",Expand document viewer fullscreen,Outline
70,Layout,arrows-in,reduce shrink collapse exit,Phosphor,import { ArrowsIn } from '@phosphor-icons/react',"<ArrowsIn size={20} weight=""regular"" />",Collapse document viewer,Outline
71,Layout,sidebar,panel drawer navigation menu,Phosphor,import { Sidebar } from '@phosphor-icons/react',"<Sidebar size={20} weight=""regular"" />","Case navigation sidebar, client portal panel",Outline
72,Social,medal,medal award recognition honor top attorney accolade,Phosphor,import { Medal } from '@phosphor-icons/react',"<Medal size={20} weight=""regular"" />","Awards, super lawyer badges, firm accolades",Outline
73,Social,star,rating review testimonial client stars feedback,Phosphor,import { Star } from '@phosphor-icons/react',"<Star size={20} weight=""regular"" />","Client review rating, testimonial stars",Outline
74,Social,shield-check,shield check defense protection verified secure privilege,Phosphor,import { ShieldCheck } from '@phosphor-icons/react',"<ShieldCheck size={20} weight=""regular"" />","Legal defense, protection guarantee, verified attorney",Outline
75,Social,quotes,quotes testimonial review client feedback quotation,Phosphor,import { Quotes } from '@phosphor-icons/react',"<Quotes size={20} weight=""regular"" />","Client testimonials, case result quotes",Outline
76,Social,bookmark,save later favorite mark,Phosphor,import { Bookmark } from '@phosphor-icons/react',"<Bookmark size={20} weight=""regular"" />","Save case, bookmark statute or precedent",Outline
77,Social,flag,report mark important highlight,Phosphor,import { Flag } from '@phosphor-icons/react',"<Flag size={20} weight=""regular"" />",Flag urgent case or priority deadline,Outline
78,Device,device-mobile,mobile phone device touch,Phosphor,import { DeviceMobile } from '@phosphor-icons/react',"<DeviceMobile size={20} weight=""regular"" />",Mobile client portal access,Outline
79,Device,device-tablet,ipad device touch screen,Phosphor,import { DeviceTablet } from '@phosphor-icons/react',"<DeviceTablet size={20} weight=""regular"" />",Tablet e-signature signing,Outline
80,Device,monitor,desktop screen computer display,Phosphor,import { Monitor } from '@phosphor-icons/react',"<Monitor size={20} weight=""regular"" />",Desktop client portal,Outline
81,Device,laptop,notebook computer portable device,Phosphor,import { Laptop } from '@phosphor-icons/react',"<Laptop size={20} weight=""regular"" />","Remote consultation, virtual meeting",Outline
82,Device,printer,print document output paper,Phosphor,import { Printer } from '@phosphor-icons/react',"<Printer size={20} weight=""regular"" />",Print contract or court filing,Outline
83,Security,lock,secure confidential privileged private locked case,Phosphor,import { Lock } from '@phosphor-icons/react',"<Lock size={20} weight=""regular"" />","Confidential case file, secure document",Outline
84,Security,lock-key,lock key secure confidential client portal encrypted privacy,Phosphor,import { LockKey } from '@phosphor-icons/react',"<LockKey size={20} weight=""regular"" />","Secure client portal, confidential access",Outline
85,Security,shield,protection privilege shield defense guard secure,Phosphor,import { Shield } from '@phosphor-icons/react',"<Shield size={20} weight=""regular"" />",Attorney-client privilege protection,Outline
86,Security,key,password access unlock login,Phosphor,import { Key } from '@phosphor-icons/react',"<Key size={20} weight=""regular"" />",Secure client portal access key,Outline
87,Security,eye,view show visible password,Phosphor,import { Eye } from '@phosphor-icons/react',"<Eye size={20} weight=""regular"" />",View confidential document,Outline
88,Security,eye-slash,hide invisible password hidden,Phosphor,import { EyeSlash } from '@phosphor-icons/react',"<EyeSlash size={20} weight=""regular"" />",Redact or hide privileged content,Outline
89,Location,map-pin,location map pin office courthouse address place,Phosphor,import { MapPin } from '@phosphor-icons/react',"<MapPin size={20} weight=""regular"" />","Law office location, courthouse address",Outline
90,Location,map,directions navigate geography location,Phosphor,import { Map } from '@phosphor-icons/react',"<Map size={20} weight=""regular"" />",Directions to office or courthouse,Outline
91,Location,compass,compass direction pointer arrow,Phosphor,import { Compass } from '@phosphor-icons/react',"<Compass size={20} weight=""regular"" />",Navigate practice areas,Outline
92,Location,globe,world international global web,Phosphor,import { Globe } from '@phosphor-icons/react',"<Globe size={20} weight=""regular"" />",Multi-jurisdiction / international practice,Outline
93,Time,calendar,date schedule consultation booking court deadline appointment,Phosphor,import { Calendar } from '@phosphor-icons/react',"<Calendar size={20} weight=""regular"" />","Consultation booking, court deadlines",Outline
94,Time,arrows-clockwise,reload sync update refresh,Phosphor,import { ArrowsClockwise } from '@phosphor-icons/react',"<ArrowsClockwise size={20} weight=""regular"" />",Refresh case status,Outline
95,Time,arrow-counter-clockwise,undo back revert history,Phosphor,import { ArrowCounterClockwise } from '@phosphor-icons/react',"<ArrowCounterClockwise size={20} weight=""regular"" />",Undo document edit,Outline
96,Time,arrow-clockwise,redo forward repeat history,Phosphor,import { ArrowClockwise } from '@phosphor-icons/react',"<ArrowClockwise size={20} weight=""regular"" />",Redo document edit,Outline
97,Legal,briefcase,briefcase practice case attorney work legal portfolio matter,Phosphor,import { Briefcase } from '@phosphor-icons/react',"<Briefcase size={20} weight=""regular"" />","Practice areas, attorney portfolio, active cases",Outline
98,Legal,signature,signature esignature sign contract pen agreement execute,Phosphor,import { Signature } from '@phosphor-icons/react',"<Signature size={20} weight=""regular"" />","E-signature, contract execution, signing",Outline
99,Legal,scroll,scroll contract document parchment agreement legal terms,Phosphor,import { Scroll } from '@phosphor-icons/react',"<Scroll size={20} weight=""regular"" />","Contracts, legal agreements, terms of service",Outline
100,Legal,seal-check,seal check verified badge certified attorney approved trust,Phosphor,import { SealCheck } from '@phosphor-icons/react',"<SealCheck size={20} weight=""regular"" />","Verified attorney badge, certified credentials",Outline
101,Style Config,bold-typography-icon-system,"bold typography, editorial, mono label, phosphor, weight regular, minimal, icon+label required, size 20–32",Phosphor (react-native),import { ArrowRight } from 'phosphor-react-native',"<ArrowRight size={20} weight=""regular"" color={colors.accent} />","Bold Typography Mobile style: weight=""regular"". Size 20px for UI controls, 32px for feature anchors. Icons MUST be paired with a Mono-stack text label (JetBrains Mono). Standalone icons only allowed for standard navigation (e.g., Back arrow). Accent color #FF3D00 only.",Outline
102,Style Config,cyberpunk-icon-system,"cyberpunk, neon, glow, hud, phosphor, weight regular, accent glow, dark, angular, react native",Phosphor (react-native),import { Lightning } from 'phosphor-react-native',"<Lightning size={24} weight=""regular"" color={colors.accent} />","Cyberpunk Mobile HUD style: weight=""regular"", color={colors.accent} (#00FF88 Matrix Green). Wrap every icon in a View with shadowColor: colors.accent / shadowOpacity: 0.6 / shadowRadius: 8 to simulate neon glow. Use borderRadius: 0 on wrapper. Avoid rounded icon containers. Always pair icon with data label in JetBrains Mono.",Outline
103,Style Config,academia-icon-system,"academia, library, brass, ornate, phosphor, weight thin, muted warm, scholarly, mobile",Phosphor (react-native),import { BookOpen } from 'phosphor-react-native',"<BookOpen size={22} weight=""thin"" color={colors.brass} />","Academia (Scholarly Mobile) style: weight=""thin"" (thin engraved feel), color={colors.brass} (#C9A962). No sharp geometric or tech-inspired icons. Prefer book, scroll, key, quill-type icon metaphors. Wrap in circular View with 1px brass border. Avoid neon or saturated colored icons. All icon-only navigation must have an accessibilityLabel.",Outline
104,Style Config,web3-bitcoin-icon-system,"web3, bitcoin, defi, crypto, neon orange, holographic, blurview, phosphor, glow, fintech mobile",Phosphor (react-native),import { TrendUp } from 'phosphor-react-native',"<TrendUp size={24} weight=""regular"" color={colors.bitcoinOrange} />","Bitcoin DeFi Mobile style: weight=""regular"", color={colors.bitcoinOrange} (#F7931A). Wrap icons in circular BlurView (intensity: 20) with 1px borderColor: '#F7931A' border (Holographic Node effect). shadowColor: '#F7931A' / shadowOpacity: 0.4 / shadowRadius: 8. Prefer finance/data icons (TrendUp, Wallet, Shield, Layers). All data icons use JetBrains Mono label.",Outline
105,Guideline,icon-fallback-rules,"icon fallback, phosphor, heroicons, any icon, extended set",Phosphor (primary) + Heroicons (fallback),Primary: import { IconName } from '@phosphor-icons/react'. Fallback: import { IconName } from '@heroicons/react/24/outline' or '@heroicons/react/24/solid'.,当默认列表中没有合适图标时：优先继续从 Phosphor 中选择任何语义更贴切的图标（不必局限于本表列出的图标）。若 Phosphor 也无合适图标，可以改用 Heroicons，并在 UI 代码中保持风格统一（线性或填充、圆角程度、笔画粗细等）。,Icon library strategy and fallback rules,Outline
