No,Pattern Name,Keywords,Section Order,Primary CTA Placement,Color Strategy,Recommended Effects,Conversion Optimization
1,Trust & Authority + Conversion,"trust, authority, law firm homepage, credibility, conversion, firm, attorney","1. Hero (firm promise + attorney/office imagery), 2. Trust bar (bar credentials, years, awards, ratings), 3. Practice areas grid, 4. Case results/testimonials, 5. Attorney intro, 6. Consultation CTA + contact",Hero (primary) + sticky 'Free Consultation' nav button + footer contact,"Navy/charcoal authority + gold/burgundy accent for CTA only. High contrast, restrained palette.","Subtle hero fade-in, credential logo strip, card hover lift, sticky call button","Lead with credibility (bar admissions, Super Lawyers/Avvo, results). One primary CTA (free consultation). Click-to-call prominent on mobile."
2,Funnel (3-Step Conversion),"funnel, free case evaluation, intake, injury, criminal, steps, conversion, no fee","1. Hero (bold benefit + 'No fee unless we win'), 2. Step 1: What happened (case type), 3. Step 2: Your details, 4. Step 3: Contact + submit, 5. Reassurance (confidential, 24/7, results)",Multi-step form as the hero + sticky call button,Urgent but trustworthy: navy base + high-contrast accent CTA. Progress bar in brand color.,"Step progress animation, inline validation, reassurance micro-copy, success confirmation","Short multi-step intake outperforms one long form. Show 'no fee unless we win', 24/7 availability, confidentiality. Sticky click-to-call for arrest/accident context."
3,Free Case Evaluation Landing,"free case evaluation, ppc, single practice, injury, claim, lead capture, landing","1. Hero (specific injury/claim + form above fold), 2. Why choose us (results, experience), 3. How the process works (3-4 steps), 4. Results/testimonials, 5. Final form + call",Form above the fold (right/hero) + repeated at bottom + sticky call,Focused single-message palette. Accent CTA at 7:1 contrast. Minimal nav to reduce exits.,"Form focus states, trust-badge fade-in, results counter, minimal chrome",One practice area per page (matches PPC ad). Remove nav distractions. Form ≤ 4 fields. Prominent phone + 'available 24/7'.
4,Practice Areas Showcase,"practice areas, services, feature-rich showcase, grid, firm, multi-practice","1. Hero (firm overview), 2. Practice-area cards (icon + name + blurb), 3. Featured practice deep-dive, 4. Attorney/experience proof, 5. Consultation CTA",Card CTAs into each practice page + sticky consultation button,"Neutral authority base, one accent for CTAs. Each card icon in muted brand tone.","Card hover lift, icon micro-interactions, scroll reveal","Scannable practice grid links to dedicated pages (SEO + intent match). One clear CTA per card. Keep blurbs benefit-led, not jargon."
5,Attorney Bio + Consultation,"attorney bio, lawyer profile, about, credentials, consultation, booking, trust","1. Attorney hero (photo + name + focus), 2. Credentials & bar admissions, 3. Notable results & representative matters, 4. Approach/values, 5. Book a consultation",Book-consultation CTA in hero + end of bio,"Portrait-forward, warm-professional. Accent used only for the booking CTA.","Portrait parallax, credential list reveal, testimonial quote fade","Humanize the attorney (photo, story, values) alongside hard credentials. Direct booking/contact. Bar-number and disclaimers for compliance."
6,Case Results / Verdicts,"case results, verdicts, settlements, wins, proof, social proof, results","1. Hero (headline stat, e.g. total recovered), 2. Results grid (amount + case type + short summary), 3. Client testimonials, 4. Disclaimer, 5. Consultation CTA",Consultation CTA after results + sticky call,"Confident authority palette; success accent for amounts. Keep tasteful, not garish.","Result counters/odometer, filter by practice area, testimonial carousel",Concrete numbers build trust (with required 'past results don't guarantee' disclaimer). Let clients filter by case type. Pair figures with human testimonials.
7,Feature-Rich Showcase + Conversion,"legal saas, features, product, showcase, demo, conversion, legal-tech","1. Hero (product value prop + demo/screenshot), 2. Feature grid (4-6), 3. Integrations & security, 4. Testimonials/firm logos, 5. Pricing teaser + demo CTA",Book-a-demo / Start-free-trial in nav + after features + bottom,Clean SaaS palette (trust blue/teal) + accent CTA. Security badges neutral.,"Feature card hover, product screenshot reveal, integration logo strip","Legal-tech buyers need trust: show security/compliance (SOC 2, encryption), integrations, and firm testimonials. Clear demo/trial CTA. ROI framing (hours saved)."
8,Comparison Table + CTA,"comparison, versus, legal saas, table, switch, migration, cta","1. Hero (problem/switch message), 2. Comparison matrix (you vs incumbents), 3. Feature deep-dive, 4. Migration/onboarding, 5. Demo CTA",Highlighted 'you' column CTA + bottom demo CTA,Your column highlighted (accent bg). Competitors neutral. Checkmarks in success tone.,"Row hover highlight, sticky comparison header, checkmark animations",Show differentiation vs legacy legal software honestly. Highlight your column. Address migration fears. Include security/compliance row.
9,Enterprise Gateway,"enterprise, biglaw, global firm, corporate, gateway, practice groups, contact","1. Hero (mission/video), 2. By practice group, 3. By industry, 4. By region/office, 5. Insights & client logos, 6. Contact / careers",Contact (primary) + client login (secondary) + mega-menu,"Conservative corporate: navy/oxford + silver. Restrained, high-integrity accents.","Slow hero video, logo carousel, mega-menu tabs, insights feed",Path selection ('I need... / I am...'). Mega-menu navigation for depth. Insights hub for SEO/authority. Careers and client login prominent.
10,Storytelling-Driven + Trust,"storytelling, mission, legal aid, nonprofit, civil rights, access to justice, impact","1. Hero (human story/mission), 2. Who we help + eligibility, 3. How we help (services), 4. Impact/testimonials, 5. Get help + donate/volunteer CTA",'Get help' primary + 'Donate/Volunteer' secondary,"Warm, humane palette (emerald/gold). Accessible high-contrast text. Empathetic imagery.","Story scroll reveals, impact counters, gentle transitions","Lead with human impact and clear eligibility. Accessibility mandatory (WCAG AA+, plain language, multilingual). Separate 'get help' from 'support us' paths."
11,Marketplace / Directory,"marketplace, attorney directory, find a lawyer, search, listings, referral","1. Hero (search: practice area + location), 2. Popular categories, 3. Featured/verified attorneys, 4. Trust & safety (verification, reviews), 5. Dual CTA (find a lawyer / list your practice)",Hero search bar (primary) + nav 'List your practice',Search high-contrast. Category icons. Verified badges in trust tone.,"Search autocomplete, map pins hover, listing card carousel",The search bar IS the CTA. Reduce friction to search; suggest popular practice areas/cities. Verified badges + reviews build trust. Two-sided sign-up.
12,Newsletter / Content First,"newsletter, legal blog, content, insights, subscribe, publication, thought leadership","1. Hero (value prop + email form), 2. Recent articles/issues, 3. Topic categories, 4. Author credentials, 5. Subscribe CTA",Inline email form (hero) + sticky header subscribe,"Editorial paper-like background, ink text, single accent. Readability first.","Text highlight, subtle fade-in, related-article hover",Single-field subscribe (email only). Show subscriber count / notable readers. Establish author/attorney authority. Not legal advice disclaimer in footer.
13,Consultation Booking Landing,"consultation, booking, schedule, appointment, calendar, intake, conversion","1. Hero (book in 2 minutes), 2. Choose practice area/attorney, 3. Pick a time (calendar), 4. Details + confirm, 5. What to expect / reassurance",Calendar/booking widget as hero + sticky 'Book now',"Calm trust palette; available slots in success tone, booked muted.","Calendar slot selection, confirmation animation, reminder opt-in",Minimize steps to booking. Show real availability. Send confirmation + reminders. Reassure about confidentiality and no-obligation consultation.
14,Client Intake Wizard,"intake, wizard, client onboarding, form, questionnaire, secure, conversion","1. Intro (what you'll need + privacy), 2. Case details step, 3. Personal details step, 4. Document upload step, 5. Review & submit + next steps",Step navigation + final submit,"Neutral, focused. Progress bar in brand color. Secure/lock indicators visible.","Step progress, autosave, inline validation, secure-upload feedback",Break long intake into steps with autosave. Show privacy/encryption (attorney-client confidentiality). Allow document upload. Confirm next steps clearly.
15,Pricing / Flat-Fee Landing,"pricing, flat fee, packages, transparent, cost, plans, conversion","1. Hero (transparent pricing promise), 2. Package cards (flat-fee services), 3. What's included comparison, 4. FAQ (fees, scope), 5. Get started CTA",Each package CTA + sticky 'Get started',"Popular package highlighted in brand accent. Others neutral. Clean, honest layout.","Package hover lift, toggle (one-time/subscription), FAQ accordion","Transparency builds trust for consumer legal (wills, LLCs, uncontested divorce). Show what's included/excluded. Address 'why not DIY' in FAQ. Clear scope."
16,FAQ / Legal Resource Center,"faq, resources, legal help, knowledge base, questions, seo, support","1. Hero (search your legal question), 2. Popular topics, 3. FAQ accordion by practice area, 4. Guides/resources, 5. 'Still need help?' consultation CTA",Search bar + consultation CTA for unresolved questions,"Clean, readable, minimal color. Category icons in brand tone. Success tone for resolved.","Search autocomplete, accordion open/close, helpful-vote feedback",Answer real client questions (SEO + trust). 'Not legal advice' disclaimer. Escalate to consultation for specifics. Track searches to expand content.
17,Practice-Area Deep Dive,"practice area, single service, seo, deep dive, ppc landing, conversion","1. Hero (specific problem + CTA), 2. How we help with this issue, 3. Process & timeline, 4. Results in this practice, 5. FAQ, 6. Consultation CTA",Consultation/eval CTA in hero + after process + bottom,Focused palette matching practice tone. Accent CTA at high contrast.,"Scroll reveals, process stepper, FAQ accordion, results counter",One practice area per page for SEO intent and PPC quality score. Speak to the specific problem. Local relevance (city/court). Strong single CTA.
18,Testimonials & Reviews Focused,"testimonials, reviews, social proof, ratings, clients, trust","1. Hero (aggregate rating + trust), 2. Featured video/text testimonials, 3. Reviews by practice area, 4. Third-party review badges, 5. Consultation CTA",Consultation CTA after testimonials + sticky call,Trust palette; star ratings in gold. Verified badges in success tone.,"Testimonial carousel, star-fill animation, video lightbox, review filtering",Third-party reviews (Google/Avvo) build more trust than on-site quotes. Video testimonials convert best. Respect client-confidentiality consent. Pair with results.
19,Multilingual Immigration Landing,"immigration, multilingual, bilingual, spanish, language, accessible, conversion","1. Language switcher + hero (hopeful, clear), 2. Visa/case-type guides, 3. Eligibility checker, 4. Reassurance (confidential, ICE-safe), 5. Contact (call/WhatsApp/form)",Language switcher top + contact CTA (call/WhatsApp) prominent,"Hopeful emerald/gold, accessible high contrast. Flags/tone welcoming, not clinical.","Language toggle, eligibility quiz, WhatsApp button, gentle reveals",Offer real translation (not just Google). Plain language for low-literacy/ESL. WhatsApp + phone beat forms for this audience. Confidentiality & know-your-rights.
20,Local SEO / Near-Me Landing,"local, near me, city, location, seo, gmb, community, conversion","1. Hero (city + practice + call), 2. Local proof (cases, community, courts served), 3. Map & directions, 4. Reviews from local clients, 5. Contact + hours",Click-to-call in hero + map contact block,Trust palette + map accent. Local imagery (skyline/courthouse) subtly.,"Map embed, click-to-call, review stars, directions button","Localize copy (city, county, courthouse names). Embed map + NAP consistency for local SEO. Reviews from local clients. Mobile click-to-call is the primary action."
21,Legal Webinar / CLE Registration,"webinar, cle, registration, event, training, continuing education, legal","1. Hero (topic + date + register form), 2. What you'll learn + CLE credits, 3. Speaker (attorney) bio, 4. Agenda, 5. Register (again)",Hero registration form + bottom anchor,Professional navy + urgency accent for deadline. High-contrast form.,"Countdown timer, speaker avatar, credit-badge highlight",State CLE-credit clarity is the hook. Show speaker authority. Limited-seat/urgency where genuine. Auto-detect timezone. Follow-up for on-demand replay.
22,Legal Product Demo,"demo, legal-tech, product, interactive, saas, trial, conversion","1. Hero (product + live preview/screenshot), 2. Guided feature tour, 3. Security & compliance, 4. Firm testimonials/logos, 5. Book demo / start trial",Book-a-demo (primary) + start-free-trial (secondary),Clean product palette; interactive elements highlighted. Security badges neutral.,"Interactive demo, tour tooltips, screenshot zoom, logo strip",Let buyers experience the product (interactive demo or sandbox). Address data security & confidentiality up front. Firm-size-relevant CTA (solo trial vs enterprise demo).
