No,UI_Category,Recommended_Pattern,Style_Priority,Color_Mood,Typography_Mood,Key_Effects,Decision_Rules,Anti_Patterns,Severity
1,Law Firm Homepage,Hero + Practice Areas + Consultation CTA,Trust & Authority + Minimalism,Navy + Gold accent + Neutral white,Professional + Authoritative hierarchy,Subtle hover (200-250ms) + Smooth transitions,"{""if_ux_focused"": ""prioritize-authority"", ""if_multi_practice"": ""add-practice-area-grid""}",Excessive animation + Stock gavel cliches + AI purple/pink gradients,HIGH
2,Solo Practitioner Site,Hero-Centric + Trust,Minimalism + Trust & Authority,Deep navy + Warm gold + Charcoal,Modern + Approachable authority,Scroll-triggered reveals + Attorney portrait focus,"{""if_pre_launch"": ""use-coming-soon-pattern"", ""if_video_ready"": ""add-attorney-intro-video""}",Static design + No credentials + Poor mobile,HIGH
3,Practice Area Page,Feature-Rich Explainer,Minimalism + Trust & Authority,Firm primary navy + Trust blue accent,Clear + Legally credible hierarchy,Section reveals + FAQ accordion (200ms),"{""if_high_stakes"": ""emphasize-outcomes"", ""if_conversion_focused"": ""add-consultation-cta""}",Legal jargon walls + No clear next step,HIGH
4,High-Net-Worth Estate Planning,Feature-Rich Showcase,Liquid Glass + Minimalism,Burgundy + Gold + Ivory,Elegant + Refined authority,Fluid transitions (400-600ms) + Premium reveals,"{""if_wealth_focused"": ""switch-to-refined-luxury"", ""if_hero_needed"": ""use-heritage-imagery""}",Playful colors + Cluttered blocks,HIGH
5,Corporate/Business Law,Feature-Rich Showcase + Trust,Trust & Authority + Minimalism,Professional navy + Neutral grey,Formal + Precise typography,Section transitions + Capability reveals,"{""must_have_a"": ""representative-matters"", ""must_have_b"": ""attorney-credentials""}",Playful design + Hidden bar credentials + AI purple/pink gradients,HIGH
6,Matter Financials Dashboard,Data-Dense Dashboard,Dark Mode (OLED) + Data-Dense,Dark bg + Red/Green status + Trust blue,Clear + Readable typography,Real-time balance animations + Deadline pulse,"{""must_have_a"": ""real-time-updates"", ""must_have_b"": ""high-contrast""}",Light mode only + Slow rendering,HIGH
7,Legal Analytics Dashboard,Data-Dense + Drill-Down,Data-Dense + Heat Map,Cool→Hot case-load gradients + Neutral grey,Clear + Functional typography,Hover tooltips + Chart zoom + Filter animations,"{""must_have"": ""data-export"", ""if_large_docket"": ""virtualize-lists""}",Ornate design + No filtering,HIGH
8,Accessibility for Legal Aid,Accessible & Ethical Layout,Accessible & Ethical + Minimalism,Calm blue + High-contrast text,Readable + Large type (16px+),Clear focus rings (3-4px) + Soft press (150ms),"{""must_have_a"": ""wcag-aaa-compliance"", ""if_low_income_users"": ""plain-language-mode""}",Bright neon colors + Motion-heavy animations + AI purple/pink gradients,HIGH
9,Bar Prep / CLE Platform,Feature-Rich Showcase,Minimalism + Micro-interactions,Scholarly navy + Progress green,Friendly + Studious typography,Soft press (200ms) + Progress reveals,"{""if_gamification"": ""add-progress-animation"", ""if_exam_focused"": ""increase-clarity""}",Dark modes only + Complex jargon,MEDIUM
10,Litigation Boutique,Storytelling-Driven,Trust & Authority + Motion-Driven,Deep burgundy + Charcoal + Gold,Bold + Confident typography,Verdict reveals + Case-story scroll,"{""must_have"": ""case-results"", ""if_boutique"": ""emphasize-trial-record""}",Corporate blandness + Hidden verdicts,HIGH
11,Attorney Bio / Profile,Storytelling-Driven,Minimalism + Trust & Authority,Firm navy + Warm accent,Expressive + Credible typography,Portrait focus + Credential reveals,"{""if_rainmaker"": ""add-media-mentions"", ""if_minimal_bio"": ""reduce-motion""}",Generic headshots + Missing bar admissions,MEDIUM
12,Case Results / Verdicts,Feature-Rich Showcase,Trust & Authority + Data-Dense,Confident navy + Success green + Gold,Bold + Impactful typography,Verdict counter animations + Result cards,"{""if_high_value"": ""add-settlement-figures"", ""if_privacy_bound"": ""anonymize-details""}",Unsubstantiated claims + Missing disclaimers,HIGH
13,Government / Public-Sector Legal,Minimal & Direct,Accessible & Ethical + Minimalism,Professional blue + High contrast,Clear + Large typography,Clear focus rings (3-4px) + Skip links,"{""must_have_a"": ""wcag-aaa"", ""must_have_b"": ""keyboard-navigation""}",Ornate design + Low contrast + AI purple/pink gradients,HIGH
14,Legal-Tech Fintech / Trust Accounting,Trust & Authority,Minimalism + Accessible & Ethical,Navy + Trust Blue + Gold,Professional + Trustworthy,Smooth state transitions + Number animations,"{""must_have"": ""security-first"", ""if_dashboard"": ""use-dark-mode""}",Playful design + Unclear fee handling + AI purple/pink gradients,HIGH
15,Client Intake Wizard,Multi-Step Guided Form,Minimalism + Micro-interactions,Calm navy + Progress green,Clear + Reassuring typography,Step progress bar + Field validation (150ms),"{""if_sensitive_matter"": ""add-privacy-reassurance"", ""if_mobile"": ""optimize-touch-targets""}",Overlong single-page forms + No progress indicator,HIGH
16,Free Case Evaluation Form,Conversion-Optimized Form,Minimalism + Trust & Authority,Trust navy + CTA gold + Neutral,Clear + Confident typography,Inline validation + Submit reassurance,"{""if_conversion_focused"": ""add-confidentiality-note"", ""if_mobile"": ""minimize-fields""}",Too many required fields + No privacy assurance,HIGH
17,Consultation Booking,Interactive Scheduler,Flat Design + Micro-interactions,Trust blue + Available green + Neutral,Clean + Efficient typography,Slot selection (150ms) + Confirmation reveal,"{""must_have"": ""calendar-integration"", ""if_paid_consult"": ""show-fee-clearly""}",Confusing availability + Hidden fees,HIGH
18,Secure Client Portal,Feature-Rich + Documentation,Minimalism + Accessible & Ethical,Trust navy + Secure green accent,Clear + Reassuring typography,Session status + Secure-message reveals,"{""must_have_a"": ""encryption-indicators"", ""must_have_b"": ""two-factor-prompt""}",Weak security cues + No document search,HIGH
19,Legal AI / Research Assistant,Conversational + Minimal,AI-Native UI + Minimalism,Neutral + Trust navy accent,Modern + Clear typography,Streaming text + Citation reveals + Fade-in,"{""must_have_a"": ""source-citations"", ""must_have_b"": ""jurisdiction-awareness""}",Heavy chrome + Uncited answers,HIGH
20,E-Filing / Docketing Platform,Feature-Rich Showcase,Minimalism + Data-Dense,Court navy + Deadline gold + Status colors,Precise + Functional typography,Filing confirmation animations + Status feedback,"{""must_have_a"": ""court-integration"", ""must_have_b"": ""deadline-display""}",Unclear filing status + No confirmation receipt,HIGH
21,Attorney Directory Search,Search + Filter Results,Flat Design + Bento Box Grid,Trust navy + Category accents,Modern + Clear typography,Filter animations + Attorney card reveals,"{""must_have_a"": ""practice-area-filter"", ""must_have_b"": ""verified-credentials""}",Generic listings + Unverified profiles,MEDIUM
22,Immigration Law Firm,Social Proof + Feature-Rich,Accessible & Ethical + Minimalism,Warm trust blue + Hopeful accents,Reassuring + Clear typography,Process-step reveals + Success-story cards,"{""must_have_a"": ""multilingual-support"", ""must_have_b"": ""case-type-navigation""}",Complex jargon + English-only + Hidden fees,HIGH
23,Legal Practice Management SaaS,Feature-Rich + Real-Time,Soft UI Evolution + Minimalism,Calm navy + Neutral grey,Clean + Readable typography,Matter presence indicators + Task badges,"{""must_have_a"": ""matter-status-indicators"", ""must_have_b"": ""calendar-integration""}",Cluttered matter list + No status cues,HIGH
24,Family Law Firm,Empathetic Social Proof,Soft UI Evolution + Accessible & Ethical,Calm navy + Warm neutral + Trust,Compassionate + Readable typography,Soft press + Gentle section reveals,"{""must_have"": ""confidentiality-assurance"", ""if_divorce"": ""add-supportive-tone""}",Cold corporate tone + Aggressive imagery,HIGH
25,Legal Blog / Article,Editorial Long-Form,Swiss Modernism + Minimalism,Editorial navy + Neutral white,Editorial + Readable typography,Article transitions + Category reveals,"{""must_have_a"": ""author-attribution"", ""must_have_b"": ""newsletter-signup""}",Poor readability + No attorney byline,HIGH
26,Bar Credentials / Trust Badges,Trust & Authority + Feature,Minimalism + Flat Design,Trust Blue + Gold accent,Professional + Clear typography,Badge reveal animations + Verification cues,"{""must_have_a"": ""credential-verification"", ""must_have_b"": ""bar-number-display""}",Unverifiable badges + Hidden admissions,MEDIUM
27,Legal Knowledge Base / Help Center,FAQ + Minimal,Minimalism + Accessible & Ethical,Clean navy + Minimal accent,Clear + Readable typography,Search highlight + Smooth scrolling,"{""must_have_a"": ""search-first"", ""must_have_b"": ""topic-categories""}",Poor navigation + No search,HIGH
28,Local / Neighborhood Legal Services,Conversion + Feature-Rich,Minimalism + Trust & Authority,Local trust navy + Warm accent,Clear + Functional typography,Map hover + Attorney card reveals,"{""must_have_a"": ""office-location-map"", ""must_have_b"": ""consultation-booking""}",No location info + Hidden reviews,HIGH
29,Contract Review UI,Document Analysis Workspace,Data-Dense + Minimalism,Clean navy + Clause-flag colors + Neutral,Clear + Functional typography,Clause highlighting + Redline reveals (200-300ms),"{""must_have_a"": ""clause-comparison"", ""must_have_b"": ""risk-flag-legend"", ""if_ai_assisted"": ""add-suggestion-panel""}",Cluttered redlines + Harsh flashing alerts,HIGH
30,Personal Injury Firm,Storytelling + Feature-Rich,Trust & Authority + Motion-Driven,Confident navy + Gold + Success green,Bold + Reassuring typography,Verdict reveals + Client-story cards,"{""must_have_a"": ""case-results"", ""must_have_b"": ""no-fee-unless-win-messaging""}",Ambulance-chaser cliches + Unsubstantiated promises,HIGH
31,Restitution / Fee Recovery View,Hero-Centric + Conversion,Minimalism + Trust & Authority,Trust navy + Recovery green + Neutral,Clear + Confident typography,Recovery figure reveals + Timeline animations,"{""must_have_a"": ""fee-transparency"", ""must_have_b"": ""outcome-timeline""}",Hidden fee structure + Overstated recovery,HIGH
32,Criminal Defense Firm,Urgent Trust + Conversion,Trust & Authority + Dark Mode,Deep charcoal + Navy + Gold urgency,Bold + Reassuring typography,Emergency contact highlight + Result reveals,"{""must_have_a"": ""24-7-contact"", ""must_have_b"": ""case-results""}",Judgmental imagery + Hidden availability,HIGH
33,Legal Fitness / Compliance Tracker,Feature-Rich + Data,Minimalism + Data-Dense,Compliance navy + Status green/amber/red,Bold + Functional typography,Progress ring animations + Deadline unlocks,"{""must_have_a"": ""deadline-tracking"", ""must_have_b"": ""compliance-checklists""}",Static design + No status cues,HIGH
34,Real Estate Law / Closings,Hero-Centric + Feature-Rich,Minimalism + Trust & Authority,Trust Blue + Gold + White,Professional + Confident,Document-step reveals + Closing timeline,"{""if_luxury_property"": ""add-refined-imagery"", ""must_have"": ""closing-checklist""}",Confusing process + No document tracker,HIGH
35,Immigration Journey Storytelling,Storytelling-Driven + Hero,Accessible & Ethical + Motion-Driven,Hopeful trust blue + Warm accents,Inspirational + Reassuring,Process parallax + Milestone animations,"{""if_experience_focused"": ""use-storytelling"", ""must_have"": ""multilingual-support""}",Generic stock photos + Complex process,HIGH
36,Legal Concierge / White-Glove,Hero-Centric + Social Proof,Liquid Glass + Minimalism,Warm neutrals + Gold + Navy,Elegant + Welcoming typography,Service reveals + Attorney-match animations,"{""must_have_a"": ""private-consultation"", ""must_have_b"": ""dedicated-counsel""}",Impersonal tone + Complex onboarding,HIGH
37,Estate & Trust Milestone Planner,Storytelling + Social Proof,Soft UI Evolution + Minimalism,Soft navy + Gold + Ivory,Elegant + Reassuring typography,Milestone reveals + Timeline animations,"{""must_have_a"": ""document-checklist"", ""must_have_b"": ""beneficiary-planning-tools""}",Generic templates + No planning guidance,HIGH
38,Legal Services (General Practice),Trust & Authority + Minimal,Trust & Authority + Minimalism,Navy Blue + Gold + White,Professional + Authoritative typography,Practice area reveal + Attorney profile animations,"{""must_have_a"": ""case-results"", ""must_have_b"": ""credential-display""}",Outdated design + Hidden credentials + AI purple/pink gradients,HIGH
39,Legal Insurance / Coverage Platform,Conversion + Trust,Trust & Authority + Flat Design,Trust Blue + Green + Neutral,Clear + Professional typography,Coverage calculator animations + Plan comparison,"{""must_have_a"": ""coverage-calculator"", ""must_have_b"": ""plan-comparison""}",Confusing pricing + No trust signals + AI purple/pink gradients,HIGH
40,Legal Billing / Invoice View,Trust & Authority + Feature,Minimalism + Accessible & Ethical,Navy + Trust Blue + Gold,Professional + Trustworthy typography,Smooth number animations + Payment-status indicators,"{""must_have_a"": ""itemized-billing"", ""must_have_b"": ""trust-account-clarity""}",Playful design + Opaque line items + AI purple/pink gradients,HIGH
41,Online Legal Course / CLE,Feature-Rich + Social Proof,Minimalism + Micro-interactions,Scholarly navy + Progress green,Friendly + Studious typography,Progress bar animations + Certificate reveals,"{""must_have_a"": ""cle-credit-tracking"", ""must_have_b"": ""video-player""}",Boring design + No accreditation display,HIGH
42,Legal Aid / Pro Bono Nonprofit,Storytelling + Trust,Accessible & Ethical + Organic Biophilic,Cause navy + Trust + Warm,Heartfelt + Readable typography,Impact counter animations + Story reveals,"{""must_have_a"": ""impact-stories"", ""must_have_b"": ""eligibility-transparency""}",No impact data + Complex eligibility jargon,HIGH
43,Legal Podcast / Audio,Feature-Rich Showcase,Dark Mode (OLED) + Minimalism,Dark navy + Audio waveform accents,Modern + Clear typography,Waveform visualization + Episode transitions,"{""must_have_a"": ""audio-player-ux"", ""if_discovery_focused"": ""add-topic-recommendations""}",Cluttered layout + Poor audio player UX,HIGH
44,Legal Video / Webinar Platform,Hero-Centric + Feature-Rich,Dark Mode (OLED) + Motion-Driven,Dark bg + Brand navy accent,Bold + Engaging typography,Video player animations + Session carousel,"{""must_have"": ""continue-watching"", ""if_cle_credit"": ""add-credit-tracking""}",Static layout + Slow video player,HIGH
45,Legal Job Board / Recruiting,Conversion + Feature-Rich,Flat Design + Minimalism,Professional Navy + Success Green + Neutral,Clear + Professional typography,Search/filter animations + Application flow,"{""must_have"": ""advanced-search"", ""if_salary_focused"": ""highlight-compensation""}",Outdated forms + Hidden filters,HIGH
46,Legal Marketplace / Find-a-Lawyer,Feature-Rich + Social Proof,Flat Design + Trust & Authority,Trust navy + Category accents + Success green,Modern + Credible typography,Review star animations + Attorney card hover,"{""must_have_a"": ""verified-attorney-profiles"", ""must_have_b"": ""secure-payment""}",Low trust signals + Unverified reviews,HIGH
47,Court Deadline / Docket Tracking,Feature-Rich + Real-Time,Minimalism + Data-Dense,Court navy + Deadline red + Status green,Clear + Functional typography,Real-time deadline animation + Status pulse,"{""must_have_a"": ""deadline-tracking"", ""must_have_b"": ""court-rule-integration""}",Static tracking + Missed-deadline blind spots + AI purple/pink gradients,HIGH
48,Legal Document Automation,Feature-Rich Showcase,Minimalism + Flat Design,Clean navy + Field-highlight accent,Clear + Precise typography,Field automation + Template reveals,"{""must_have"": ""template-library"", ""if_clause_focused"": ""add-clause-flags""}",Generic design + No validation + AI purple/pink gradients,MEDIUM
49,Legal Project / Matter Management,Hero-Centric + Feature-Rich,Minimalism + Data-Dense,Grey + Deadline gold + Navy,Professional + Bold typography,Matter timeline + Milestone animations,"{""must_have"": ""matter-portfolio"", ""if_team_collaboration"": ""add-real-time-updates""}",Flat single-view layouts + No timeline + AI purple/pink gradients,HIGH
50,IP / Patent Law Firm,Hero-Centric + Feature-Rich,Minimalism + 3D Diagram Preview,Innovation navy + Metallic accent,Bold + Precise typography,Patent-portfolio reveals + Filing timeline,"{""must_have_a"": ""portfolio-highlights"", ""must_have_b"": ""filing-process-guide""}",Overly technical jargon + Poor process clarity,HIGH
51,Legal Portfolio / Notable Matters,Storytelling-Driven + Hero,Motion-Driven + Minimalism,Charcoal + Navy + Minimal gold,Elegant + Confident typography,Full-bleed matter showcase + Result reveals,"{""must_have"": ""representative-matters"", ""if_confidential"": ""anonymize-clients""}",Text-heavy + Poor matter showcase,HIGH
52,Legal Coworking / Shared Chambers,Hero-Centric + Feature-Rich,Minimalism + Glassmorphism,Professional navy + Wood tones + Accent,Modern + Refined typography,Space tour reveals + Amenity animations,"{""must_have_a"": ""virtual-tour"", ""must_have_b"": ""membership-booking""}",Outdated photos + Confusing membership tiers,MEDIUM
53,Legal Emergency / 24-7 Counsel,Conversion-Optimized + Trust,Flat Design + Trust & Authority,Trust Navy + Urgent gold + Grey,Professional + Clear typography,Emergency contact highlight + Response-time cues,"{""must_have_a"": ""emergency-contact"", ""must_have_b"": ""bar-credentials-display""}",Hidden contact info + No availability assurance,HIGH
54,Guardianship / Child Welfare Law,Social Proof + Trust,Soft UI Evolution + Accessible & Ethical,Calm navy + Warm neutral + Trust,Compassionate + Clear typography,Portal reveals + Process-step animations,"{""must_have_a"": ""confidentiality-assurance"", ""must_have_b"": ""supportive-guidance""}",Cold tone + Hidden process information,HIGH
55,Elder Law / Accessible Legal,Trust & Authority + Accessible,Accessible & Ethical + Soft UI Evolution,Calm Blue + Warm neutrals + Large text,Large + Clear typography (18px+),Large touch targets + Clear navigation,"{""must_have_a"": ""wcag-aaa"", ""must_have_b"": ""family-caregiver-portal""}",Small text + Complex navigation + AI purple/pink gradients,HIGH
56,Legal Clinic / Consultation Center,Trust & Authority + Conversion,Accessible & Ethical + Minimalism,Trust Navy + Clean white,Professional + Readable typography,Online booking flow + Attorney profile reveals,"{""must_have_a"": ""appointment-booking"", ""must_have_b"": ""intake-information""}",Outdated interface + Confusing booking + AI purple/pink gradients,HIGH
57,Notary / Legal Document Services,Conversion-Optimized + Trust,Flat Design + Accessible & Ethical,Service navy + Trust Blue + Clean white,Clear + Functional typography,Document upload flow + Appointment reminders,"{""must_have_a"": ""document-management"", ""must_have_b"": ""identity-verification-cues""}",Confusing layout + Privacy concerns + AI purple/pink gradients,HIGH
58,Employment / Labor Law Firm,Social Proof + Conversion,Soft UI Evolution + Minimalism,Trust navy + Neutral + Confident gold,Friendly + Professional typography,Case-story reveals + Testimonial carousel,"{""must_have_a"": ""case-results"", ""must_have_b"": ""consultation-booking""}",Cold tone + No testimonials,HIGH
59,Tax Law / Resolution Firm,Social Proof + Trust,Minimalism + Trust & Authority,Trust navy + Resolution green + Warm,Friendly + Credible typography,Savings-figure reveals + Process animations,"{""must_have_a"": ""resolution-results"", ""must_have_b"": ""consultation-booking""}",Overstated savings + Hidden fee structure,MEDIUM
60,Legal Wellness / Attorney Wellbeing,Hero-Centric + Conversion,Organic Biophilic + Soft UI Evolution,Calming sage + Navy + Warm accent,Elegant + Calming typography,Resource reveals + Gentle transitions,"{""must_have_a"": ""confidential-resources"", ""must_have_b"": ""peer-support""}",Harsh imagery + Judgmental tone,MEDIUM
61,Legal Heritage / Firm History,Storytelling + Hero-Centric,Motion-Driven + Storytelling-Driven,Deep burgundy + Gold + Charcoal,Heritage + Authoritative typography,Timeline reveals + Founding-story scroll,"{""must_have_a"": ""firm-milestones"", ""must_have_b"": ""founding-story""}",Generic corporate pages + No heritage story,HIGH
62,Aviation / Transportation Law,Conversion + Feature-Rich,Minimalism + Glassmorphism,Sky navy + Trust accents,Clear + Professional typography,Case-type reveals + Process animations,"{""must_have_a"": ""case-type-navigation"", ""must_have_b"": ""mobile-first""}",Complex navigation + Poor mobile,HIGH
63,Legal News / Law Media Platform,Hero-Centric + Feature-Rich,Minimalism + Flat Design,Editorial navy + High contrast,Clear + Readable typography,Breaking legal-news badge + Article reveals,"{""must_have_a"": ""mobile-first-reading"", ""must_have_b"": ""practice-area-navigation""}",Cluttered layout + Slow loading,HIGH
64,Legal Magazine / Law Review,Storytelling + Hero-Centric,Swiss Modernism + Motion-Driven,Editorial navy + Clean white,Editorial + Elegant typography,Article transitions + Section reveals,"{""must_have_a"": ""article-showcase"", ""must_have_b"": ""newsletter-signup""}",Poor typography + Slow loading,HIGH
65,Freelance / Contract Attorney Platform,Feature-Rich + Conversion,Flat Design + Minimalism,Professional Navy + Success Green,Clear + Professional typography,Skill match animations + Review reveals,"{""must_have_a"": ""attorney-portfolio-display"", ""must_have_b"": ""skill-matching""}",Poor profiles + No verified reviews,HIGH
66,Legal Marketing Agency,Storytelling + Feature-Rich,Trust & Authority + Motion-Driven,Bold navy + Gold accent,Bold + Confident typography,Portfolio reveals + Results animations,"{""must_have_a"": ""case-study-portfolio"", ""must_have_b"": ""results-metrics""}",Generic design + Hidden client results,HIGH
67,Legal Event / CLE Conference,Hero-Centric + Feature-Rich,Minimalism + Motion-Driven,Professional navy + Accent gold,Bold + Engaging typography,Countdown timer + Registration flow,"{""must_have_a"": ""registration"", ""must_have_b"": ""agenda-and-credits""}",Confusing registration + No CLE credit info,HIGH
68,Bar Association / Membership,Social Proof + Conversion,Trust & Authority + Soft UI Evolution,Institutional navy + Gold accents,Professional + Engaging typography,Member counter + Benefit reveals,"{""must_have_a"": ""member-benefits"", ""must_have_b"": ""membership-tiers""}",Hidden benefits + No membership clarity,HIGH
69,Legal Newsletter Platform,Minimal + Conversion,Minimalism + Flat Design,Firm navy + Clean white + CTA,Clean + Readable typography,Subscribe form + Archive reveals,"{""must_have_a"": ""subscribe-form"", ""must_have_b"": ""sample-content""}",Complex signup + No preview,MEDIUM
70,DIY Legal Documents / Downloads,Feature-Rich + Conversion,Minimalism + Flat Design,Trust navy + Success green + Neutral,Modern + Clear typography,Template preview + Instant delivery animations,"{""must_have_a"": ""document-preview"", ""must_have_b"": ""state-specific-validity""}",No preview + Unclear jurisdiction validity,HIGH
71,Faith-Based / Community Legal Aid,Hero-Centric + Social Proof,Accessible & Ethical + Soft UI Evolution,Warm navy + Trust + White,Welcoming + Clear typography,Service-hours highlights + Clinic calendar,"{""must_have_a"": ""clinic-hours"", ""must_have_b"": ""eligibility-info""}",Outdated design + Hidden clinic info,MEDIUM
72,Sports & Entertainment Law,Hero-Centric + Feature-Rich,Motion-Driven + Trust & Authority,Confident navy + Energetic gold accents,Bold + Impactful typography,Client-roster reveals + Deal-highlight cards,"{""must_have_a"": ""representative-clients"", ""must_have_b"": ""practice-highlights""}",Static content + Hidden track record,HIGH
73,Legal Archive / Case Library,Storytelling + Feature-Rich,Minimalism + Motion-Driven,Scholarly neutrals + Navy accents,Elegant + Minimal typography,Archive browsing + Case-brief reveals,"{""must_have_a"": ""advanced-search"", ""must_have_b"": ""citation-info""}",Cluttered layout + No online access,HIGH
74,Mediation / Arbitration Services,Hero-Centric + Conversion,Minimalism + Soft UI Evolution,Neutral navy + Calm accents + Gold,Balanced + Professional typography,Process reveals + Neutral-party profiles,"{""must_have_a"": ""process-explanation"", ""must_have_b"": ""scheduling""}",Adversarial tone + Confusing process,HIGH
75,Legal Language / Multilingual Immigration UI,Feature-Rich + Social Proof,Accessible & Ethical + Minimalism,Warm trust blue + Hopeful accents,Friendly + Clear typography,Language switcher + Process animations,"{""must_have_a"": ""multilingual-support"", ""must_have_b"": ""plain-language-mode""}",English-only + Complex legal jargon,HIGH
76,Legal Recruiting / Lateral Hire,Feature-Rich + Social Proof,Minimalism + Trust & Authority,Professional navy + Brand accent + Success,Technical + Clear typography,Firm-culture reveals + Outcome highlights,"{""must_have_a"": ""firm-culture"", ""must_have_b"": ""career-outcomes""}",Vague roles + Hidden compensation,HIGH
77,Legal Security / Data Protection Platform,Trust & Authority + Real-Time,Minimalism + Dark Mode (OLED),Secure navy + Alert accents + Deep charcoal,Technical + Clear typography,Threat visualization + Alert animations,"{""must_have_a"": ""real-time-monitoring"", ""must_have_b"": ""compliance-display""}",Light mode only + Poor data viz,HIGH
78,E-Discovery Review Tool,Document Review Workspace,Dark Mode (OLED) + Data-Dense,Dark neutral + Tag colors + Trust accent,Precise + Functional typography,Document tagging + Batch-review feedback,"{""must_have_a"": ""keyboard-shortcuts"", ""must_have_b"": ""tag-legend""}",Light mode only + Slow document loading,HIGH
79,Regulatory / Compliance Law Firm,Storytelling + Data,Minimalism + Trust & Authority,Sterile white + Compliance navy + Accent,Precise + Clear typography,Regulation reveals + Compliance-map animations,"{""must_have_a"": ""regulatory-accuracy"", ""must_have_b"": ""credibility-cues""}",Cluttered data + Poor credibility,HIGH
80,Maritime / Admiralty Law,Immersive + Feature-Rich,Minimalism + Dark Mode,Deep navy + Nautical accents,Authoritative + Precise typography,Case-type reveals + Jurisdiction map,"{""must_have_a"": ""jurisdiction-clarity"", ""must_have_b"": ""case-type-navigation""}",Generic design + Poor jurisdiction info,HIGH
81,Construction / Real Estate Law,Portfolio + Hero-Centric,Minimalism + High Imagery,Charcoal + Navy + Blueprint accent,Professional + Elegant typography,Project-matter gallery + Process reveals,"{""must_have_a"": ""representative-matters"", ""must_have_b"": ""process-guide""}",Poor imagery + Cluttered layout,HIGH
82,Contract Lifecycle Management (CLM),Feature-Rich + Interactive,Minimalism + Data-Dense,Clean navy + Stage colors + Neutral,Precise + Functional typography,Contract stage animations + Approval feedback,"{""must_have_a"": ""stage-visualization"", ""must_have_b"": ""approval-workflow""}",Generic dashboard + No stage clarity,HIGH
83,Legal Biotech / Life-Sciences Counsel,Data-Dense + Storytelling,Minimalism + Clean Science,Sterile white + Navy + Accent,Scientific + Clear typography,Practice reveals + Matter-outcome animations,"{""must_have_a"": ""regulatory-expertise"", ""must_have_b"": ""credibility-cues""}",Generic health-app look + No credibility,HIGH
84,Legal Fleet / Case Assignment Manager,Real-Time + Feature-Rich,Data-Dense + Real-Time,Neutral navy + Alert accents + Status colors,Technical + Functional typography,Assignment animations + Workload awareness,"{""must_have_a"": ""real-time-assignment"", ""must_have_b"": ""conflict-alerts""}",Slow updates + Poor workload visibility,HIGH
85,Legal Design / Visual Contracts,Showcase + Feature-Rich,Minimalism + Editorial,Neutral navy + Clause accents,Minimal + Content-focused typography,Clause gallery + Annotation reveals,"{""must_have_a"": ""fast-loading"", ""must_have_b"": ""plain-language-cues""}",Heavy chrome + Illegible clause layout,HIGH
86,Legal Spatial / Courtroom Visualization,Immersive + Interactive,Minimalism + Glassmorphism,Frosted navy + System accents + Depth,Precise + Readable typography,Depth hierarchy + Exhibit interactions,"{""must_have_a"": ""exhibit-clarity"", ""must_have_b"": ""evidence-organization""}",Flat cluttered layout + Poor evidence hierarchy,HIGH
87,Environmental / Energy Law,Data + Trust,Organic Biophilic + Minimalism,Earth navy + Trust blue + Accent,Clear + Informative typography,Impact reveals + Matter-outcome animations,"{""must_have_a"": ""regulatory-transparency"", ""must_have_b"": ""matter-outcomes""}",Vague claims + No real matter data,HIGH
88,Legal Billing / Trust Accounting Tracker,Interactive Product Demo,Minimalism + Data-Dense,Calm navy + Success green + Alert red + Chart accents,Modern + Clear hierarchy,Balance transitions + Trust-account indicators,"{""if_light_mode_needed"": ""provide-theme-toggle"", ""if_low_performance"": ""fallback-to-flat""}",Opaque trust accounting + Pure decorative backgrounds,HIGH
89,Attorney-Client Secure Messaging,Feature-Rich + Demo,Minimalism + Accessible & Ethical,Trust navy + Bubble contrast + Secure accent,Professional + Clean hierarchy,Encryption indicators + Smooth transitions,"{""if_ux_focused"": ""prioritize-clarity"", ""if_mobile"": ""optimize-touch-targets""}",Weak security cues + Excessive decoration,HIGH
90,Legal Notes / Case Memo App,Minimal & Direct,Minimalism + Flat Design,Clean white + Navy accent + Highlight colors,Professional + Clean hierarchy,Fast transitions + Distraction-free editor,"{""if_ux_focused"": ""prioritize-clarity"", ""if_mobile"": ""optimize-touch-targets""}",Excessive decoration + Complex shadows + 3D effects,HIGH
91,Deadline / Statute-of-Limitations Tracker,Social Proof + Demo,Data-Dense + Vibrant Block,Deadline amber/red + Safe green + Navy,Bold + Functional hierarchy,Countdown reveals + Deadline-status cues,"{""if_trust_needed"": ""add-testimonials""}",Missed-deadline blind spots + Low-contrast alerts,HIGH
92,Legal Intake / On-Demand Consult,Hero-Centric + Feature-Rich,Trust & Authority + Motion-Driven,Trust navy + Confident gold + Neutral,Professional + Bold + Clear,Intake-step reveals + Consultation CTA,"{""if_ux_focused"": ""prioritize-clarity"", ""if_mobile"": ""optimize-touch-targets""}",Overlong intake + Low clarity,HIGH
93,Attorney Ride-Along / Court Logistics,Conversion-Optimized + Demo,Minimalism + Glassmorphism,Navy + Map neutral + Status colors,Professional + Clean hierarchy,Route status + Translucent overlays,"{""if_low_performance"": ""fallback-to-flat"", ""if_conversion_focused"": ""add-urgency-colors""}",Excessive decoration + Poor status clarity,HIGH
94,Legal Research Results,Search Results + Filter,Minimalism + Data-Dense,Scholarly navy + Citation accents + Neutral,Precise + Readable typography,Result highlighting + Citation reveals (150ms),"{""if_ux_focused"": ""prioritize-relevance"", ""if_large_result_set"": ""virtualize-lists""}",Uncited results + Poor relevance ranking,HIGH
95,Client Trust / Testimonials & Reviews,Storytelling + Social Proof,Neumorphism + Soft UI Evolution,Calm navy + Trust accents + Warm neutral,Subtle + Credible typography,Testimonial carousel + Rating reveals,"{""if_trust_needed"": ""add-verified-reviews""}",Fabricated reviews + Poor contrast ratios,HIGH
96,Court Weather / Docket Status Board,Hero-Centric Board,Data-Dense + Minimalism,Status gradients (open/closed/urgent) + Navy,Modern + Clear hierarchy,Status transitions + Live docket updates,"{""if_low_performance"": ""fallback-to-flat""}",Inconsistent styling + Poor contrast ratios,HIGH
97,Legal Diary / Time-Entry Journal,Storytelling-Driven,Soft UI Evolution + Minimalism,Warm paper tones + Navy ink + Matter accents,Professional + Clean hierarchy,Subtle hover + Smooth entry transitions,"{""if_ux_focused"": ""prioritize-clarity"", ""if_mobile"": ""optimize-touch-targets""}",Excessive decoration + Poor time-entry clarity,HIGH
98,Client Intake CRM,Feature-Rich + Demo,Flat Design + Minimalism,Professional navy + Pipeline stage colors + Retained green,Professional + Clean hierarchy,Stage transitions + Fast interactions,"{""if_ux_focused"": ""prioritize-clarity"", ""if_mobile"": ""optimize-touch-targets""}",Excessive decoration + Complex shadows + 3D effects,HIGH
99,Legal Document / Exhibit Management,Feature-Rich Showcase,Flat Design + Minimalism,Functional neutral + Exhibit status colors + Navy,Professional + Clean hierarchy,Status transitions + Fast document actions,"{""if_ux_focused"": ""prioritize-clarity"", ""if_mobile"": ""optimize-touch-targets""}",Excessive decoration + Complex shadows + 3D effects,HIGH
100,Bar Exam Flashcard Tool,Feature-Rich + Demo,Minimalism + Micro-interactions,Scholarly navy + Correct green + Review red + Progress blue,Friendly + Clear hierarchy,Card flip + Progress reveals,"{""if_ux_focused"": ""prioritize-clarity"", ""if_mobile"": ""optimize-touch-targets""}",Inconsistent styling + Poor contrast ratios,HIGH
101,Consultation Scheduling App,Conversion-Optimized,Soft UI Evolution + Flat Design,Trust navy + Available green + Booked grey + Confirm gold,Bold + Clean + Professional,Slot selection + Confirmation reveals,"{""if_conversion_focused"": ""add-urgency-colors""}",Complex shadows + Confusing availability,HIGH
102,Legal Invoice & Billing Tool,Conversion-Optimized + Trust,Minimalism + Flat Design,Professional navy + Paid green + Overdue red + Neutral,Professional + Clean hierarchy,Payment-status transitions + Fast interactions,"{""if_conversion_focused"": ""add-payment-reminders""}",Opaque line items + Complex 3D effects,HIGH
103,Case Document Checklist,Minimal & Direct + Demo,Flat Design + Minimalism,Trust navy + Completion green + Category accents,Bold + Clean + Professional,Checkmark transitions + Fast actions,"{""if_ux_focused"": ""prioritize-clarity"", ""if_mobile"": ""optimize-touch-targets""}",Complex 3D effects + Low clarity,HIGH
104,Deposition / Hearing Timer,Minimal & Direct,Minimalism + Neumorphism,High-contrast on navy + Session amber + Break green,Professional + Clean hierarchy,Dual shadows + Soft press timer,"{""if_ux_focused"": ""prioritize-clarity"", ""if_mobile"": ""optimize-touch-targets""}",Excessive decoration + Poor time clarity,HIGH
105,Family Law Client Portal,Social Proof + Trust,Soft UI Evolution + Accessible & Ethical,Soft navy + Warm neutral + Reassuring accents,Compassionate + Clear hierarchy,Portal reveals + Gentle transitions,"{""if_trust_needed"": ""add-confidentiality-assurance""}",Cold tone + Poor contrast ratios,HIGH
106,Legal Scanner & Exhibit Digitizer,Feature-Rich + Demo,Minimalism + Flat Design,Clean white + Capture accent + Document-type coding,Professional + Clean hierarchy,Capture feedback + Fast document actions,"{""if_ux_focused"": ""prioritize-clarity"", ""if_mobile"": ""optimize-touch-targets""}",Excessive decoration + Complex 3D effects,HIGH
107,Court Calendar & Scheduling,Feature-Rich + Demo,Flat Design + Micro-interactions,Court navy + Hearing category accents + Deadline red,Bold + Clean + Professional,Fast transitions + Event reveals,"{""if_ux_focused"": ""prioritize-clarity"", ""if_mobile"": ""optimize-touch-targets""}",Complex 3D effects + Deadline blind spots,HIGH
108,Legal Password / Credential Vault,Trust & Authority + Feature-Rich,Minimalism + Accessible & Ethical,Trust navy + Security green + Dark neutral,Professional + Clean hierarchy,Smooth transitions + Security indicators,"{""if_ux_focused"": ""prioritize-clarity"", ""if_mobile"": ""optimize-touch-targets""}",Excessive decoration + Color-only indicators,HIGH
109,Legal Fee Splitter / Cost Allocation,Minimal & Direct + Demo,Flat Design + Minimalism,Success green + Alert red + Neutral + Party accents,Bold + Clean + Professional,Allocation transitions + Fast actions,"{""if_ux_focused"": ""prioritize-clarity"", ""if_mobile"": ""optimize-touch-targets""}",Complex 3D effects + Low clarity,HIGH
110,Deposition Voice Recorder & Memo,Interactive Product Demo + Minimal,Minimalism + Accessible & Ethical,Clean white + Recording accent + Waveform navy,Professional + Clean hierarchy,Recording feedback + Smooth transitions,"{""if_ux_focused"": ""prioritize-clarity"", ""if_mobile"": ""optimize-touch-targets""}",Excessive decoration + Poor recording cues,HIGH
111,Legal Bookmark / Precedent Read-Later,Minimal & Direct + Demo,Minimalism + Flat Design,Paper white + Navy ink + Tag accents,Professional + Clean hierarchy,Fast transitions + Tag reveals,"{""if_ux_focused"": ""prioritize-clarity"", ""if_mobile"": ""optimize-touch-targets""}",Excessive decoration + Complex 3D effects,HIGH
112,Legal Translation / Immigration Docs,Feature-Rich + Interactive Demo,Flat Design + Accessible & Ethical,Global navy + Neutral + Language accents,Bold + Clean + Professional,Fast transitions + Language switching,"{""if_ux_focused"": ""prioritize-clarity"", ""if_mobile"": ""optimize-touch-targets""}",Complex 3D effects + English-only defaults,HIGH
113,Legal Fee / Damages Calculator,Minimal & Direct,Neumorphism + Minimalism,Dark functional navy + Action gold + Clear hierarchy,Professional + Clean hierarchy,Dual shadows + Soft press keys,"{""if_ux_focused"": ""prioritize-clarity"", ""if_mobile"": ""optimize-touch-targets""}",Excessive decoration + Unclear calculations,HIGH
114,Court Time Zone / Filing Clock,Minimal & Direct,Dark Mode (OLED) + Minimalism,Deep navy + Ambient accent + Jurisdiction gradient,Professional + Clean hierarchy,Subtle glow + High contrast,"{""if_light_mode_needed"": ""provide-theme-toggle""}",Excessive decoration + Pure decorative backgrounds,HIGH
115,Legal File Manager & Transfer,Feature-Rich + Demo,Flat Design + Minimalism,Functional neutral + Document-type color coding + Navy,Professional + Clean hierarchy,Fast transitions + Transfer feedback,"{""if_ux_focused"": ""prioritize-clarity"", ""if_mobile"": ""optimize-touch-targets""}",Excessive decoration + Complex 3D effects,HIGH
116,Legal Email / Matter Correspondence,Feature-Rich + Demo,Flat Design + Minimalism,Clean white + Navy accent + Priority red + Snooze amber,Professional + Clean hierarchy,Fast transitions + Priority cues,"{""if_ux_focused"": ""prioritize-clarity"", ""if_mobile"": ""optimize-touch-targets""}",Excessive decoration + Complex 3D effects,HIGH
117,Bar Prep Quiz / Practice Questions,Feature-Rich + Social Proof,Minimalism + Micro-interactions,Scholarly navy + Correct green + Incorrect red + Score gold,Friendly + Clear hierarchy,Answer feedback + Small animations,"{""if_trust_needed"": ""add-pass-rate-proof""}",Low-contrast alerts + Inconsistent styling,HIGH
118,Legal Trivia / Bar Exam Review Game,Feature-Rich + Social Proof,Minimalism + Micro-interactions,Scholarly navy + Correct green + Incorrect red + Leaderboard gold,Bold + Clear hierarchy,Answer feedback + Score animations,"{""if_trust_needed"": ""add-pass-rate-proof""}",Overly playful tone + Poor contrast,HIGH
119,Mock Trial / Case Simulation Tool,Feature-Rich Showcase,Minimalism + Flat Design,Courtroom navy + Neutral + Verdict accents,Bold + Clean + Professional,Scenario transitions + Fast actions,"{""if_ux_focused"": ""prioritize-clarity"", ""if_mobile"": ""optimize-touch-targets""}",Complex 3D effects + Unclear scenarios,HIGH
120,Legal Billing Hours / Timekeeping,Feature-Rich Showcase,Minimalism + Data-Dense,Navy + Billable green + Non-billable grey + Progress accent,Professional + Clean hierarchy,Timer transitions + Entry feedback,"{""if_ux_focused"": ""prioritize-clarity"", ""if_mobile"": ""optimize-touch-targets""}",Opaque time entries + Low energy,HIGH
121,Legal Terminology / Glossary Tool,Minimal & Direct + Demo,Minimalism + Flat Design,Clean white + Navy terms + Success green + Neutral,Professional + Clean hierarchy,Fast transitions + Definition reveals,"{""if_ux_focused"": ""prioritize-clarity"", ""if_mobile"": ""optimize-touch-targets""}",Excessive decoration + Complex 3D effects,HIGH
122,Legal Precedent / Citation Explorer,Feature-Rich + Hero-Centric,Minimalism + Data-Dense,Scholarly navy + Citation accents + Reference gold,Precise + Readable typography,Citation graph reveals + Smooth transitions,"{""if_ux_focused"": ""prioritize-clarity"", ""if_mobile"": ""optimize-touch-targets""}",Inconsistent styling + Poor citation clarity,HIGH
123,Legal Document Editor & Redlining,Feature-Rich + Interactive Demo,Minimalism + Dark Mode (OLED),Dark editor navy + Redline accents + Clause coding,Professional + Clean hierarchy,Redline reveals + High contrast,"{""if_light_mode_needed"": ""provide-theme-toggle""}",Excessive decoration + Cluttered redlines,HIGH
124,Legal Deposition Video Tool,Feature-Rich + Hero-Centric,Dark Mode (OLED) + Motion-Driven,Dark navy + Timeline accents + Exhibit vivid,High contrast + Professional,Timeline reveals + High contrast,"{""if_light_mode_needed"": ""provide-theme-toggle""}",Pure decorative backgrounds + Poor timeline clarity,HIGH
125,Legal Diagram & Evidence Canvas,Interactive Product Demo,Minimalism + Dark Mode (OLED),Neutral canvas + Evidence accents + Tool panel navy,Professional + Clean hierarchy,Annotation reveals + High contrast,"{""if_light_mode_needed"": ""provide-theme-toggle""}",Excessive decoration + Cluttered evidence layout,HIGH
126,Legal Timeline & Chronology Builder,Interactive Product Demo,Minimalism + Motion-Driven,Clean navy + Event accents + Milestone gold,Professional + Clean hierarchy,Timeline reveals + Smooth transitions,"{""if_ux_focused"": ""prioritize-clarity"", ""if_mobile"": ""optimize-touch-targets""}",Cluttered chronology + Poor event clarity,HIGH
127,Legal Brief / Motion Generator,Feature-Rich + Social Proof,Minimalism + Flat Design,Navy + Draft accent + Success green,Bold + Clean + Professional,Draft reveals + Fast interactions,"{""if_trust_needed"": ""add-attorney-review-note""}",Complex 3D effects + Unreviewed output,HIGH
128,Legal AI Contract Analyzer,Feature-Rich + Social Proof,AI-Native UI + Minimalism,Trust navy + Analysis accents + Risk neutral,Elegant + Clear hierarchy,Streaming analysis + Risk-flag reveals,"{""if_trust_needed"": ""add-attorney-review-note""}",Uncited analysis + Poor contrast ratios,HIGH
129,Firm Link-in-Bio / Profile Builder,Conversion-Optimized + Social Proof,Minimalism + Bento Box Grid,Firm navy + Accent link color + Clean white,Professional + Clean hierarchy,Section gaps + Smooth scroll,"{""if_conversion_focused"": ""add-consultation-cta"", ""if_trust_needed"": ""add-credentials""}",Cluttered layout + Generic templates,HIGH
130,Legal Wardrobe / Court Attire Guide,Storytelling-Driven + Feature-Rich,Minimalism + Motion-Driven,Clean navy + Professional neutral + Accent,Professional + Clean hierarchy,Subtle hover + Smooth transitions,"{""if_ux_focused"": ""prioritize-clarity"", ""if_mobile"": ""optimize-touch-targets""}",Excessive decoration + Low clarity,HIGH
131,Legal Deadline Care Tracker,Storytelling-Driven + Social Proof,Minimalism + Soft UI Evolution,Calm navy + Deadline amber + Filed green + Alert red,Warm + Clear + Professional,Rounded cards + Deadline reminders,"{""if_trust_needed"": ""add-testimonials""}",Missed-deadline blind spots + Poor contrast,HIGH
132,Legal CLE / Continuing Ed Tracker,Social Proof + Feature-Rich,Swiss Modernism + Minimalism,Warm white + Navy ink + Credit-progress green,Professional + Clean hierarchy,Subtle hover + Progress transitions,"{""if_trust_needed"": ""add-accreditation-proof""}",Excessive decoration + Hidden credit status,HIGH
133,Co-Counsel / Referral App,Storytelling-Driven + Social Proof,Minimalism + Soft UI Evolution,Trust navy + Referral accent + Warm neutral,Elegant + Clear hierarchy,Match reveals + Smooth transitions,"{""if_trust_needed"": ""add-verified-attorneys""}",Unverified attorneys + Poor contrast ratios,HIGH
134,Firm Calendar & Task Assignments,Feature-Rich + Social Proof,Flat Design + Minimalism,Professional navy + Assignee color coding + Completion green,Professional + Clean hierarchy,Fast transitions + Task reveals,"{""if_trust_needed"": ""add-team-clarity""}",Complex 3D effects + Poor assignment clarity,HIGH
135,Client Sentiment / Matter Mood Tracker,Storytelling-Driven + Social Proof,Soft UI Evolution + Minimalism,Sentiment gradient (concern navy to confident green) + Insight accent,Professional + Clean hierarchy,Subtle hover + Insight reveals,"{""if_trust_needed"": ""add-testimonials""}",Excessive decoration + Poor sentiment clarity,HIGH
136,Legal Gift / Client Appreciation,Minimal & Direct + Conversion,Minimalism + Soft UI Evolution,Refined navy + Gold + Warm accent,Elegant + Clean hierarchy,Section gaps + Smooth scroll,"{""if_conversion_focused"": ""add-thoughtful-messaging""}",Overly playful tone + Low clarity,HIGH
137,Attorney Deadline / Route GPS,Feature-Rich + Social Proof,Dark Mode (OLED) + Minimalism,Navy + Map accent + ETA zones (green/amber/red),High contrast + Professional,Route reveals + High contrast,"{""if_light_mode_needed"": ""provide-theme-toggle"", ""if_trust_needed"": ""add-reliability-proof""}",Pure decorative backgrounds + Poor route clarity,HIGH
138,Attorney Wellness / Stretch Guide,Storytelling-Driven + Social Proof,Organic Biophilic + Soft UI Evolution,Calming sage + Navy + Warm accent,Warm + Humanist + Professional,Rounded cards + Gentle transitions,"{""if_trust_needed"": ""add-testimonials""}",Harsh imagery + Poor contrast ratios,HIGH
139,Attorney Sleep / Burnout Tracker,Feature-Rich + Social Proof,Dark Mode (OLED) + Neumorphism,Deep navy + Wellbeing accent + Quality gradient (poor red to great green),High contrast + Professional,Dual shadows + Soft press,"{""if_light_mode_needed"": ""provide-theme-toggle"", ""if_trust_needed"": ""add-testimonials""}",Pure decorative backgrounds + Judgmental tone,HIGH
140,Legal Cost / Retainer Counter,Feature-Rich + Social Proof,Flat Design + Data-Dense,"Trust navy + Retainer colors (available blue, used amber, depleted red) + Progress circle",Bold + Clean + Professional,Balance transitions + Fast interactions,"{""if_trust_needed"": ""add-fee-transparency""}",Opaque retainer status + Low clarity,HIGH
141,Immigration Cycle / Case Milestone Tracker,Social Proof + Trust,Soft UI Evolution + Accessible & Ethical,Hopeful navy + Warm accent + Milestone green,Warm + Clear + Professional,Milestone reveals + Gentle transitions,"{""if_trust_needed"": ""add-testimonials""}",Complex jargon + Poor contrast ratios,HIGH
142,Legal Deadline & Reminder System,Trust & Authority + Feature-Rich,Accessible & Ethical + Flat Design,Trust navy + Missed red + Met green + Clean white,Bold + Clean + Professional,Fast transitions + Deadline cues,"{""if_ux_focused"": ""prioritize-clarity"", ""if_mobile"": ""optimize-touch-targets""}",Complex 3D effects + Color-only indicators,HIGH
143,Client Follow-Up / Retention Reminder,Minimal & Direct + Demo,Minimalism + Soft UI Evolution,Trust navy + Follow-up accent + Progress green,Professional + Clean hierarchy,Subtle press + Reminder reveals,"{""if_ux_focused"": ""prioritize-clarity"", ""if_mobile"": ""optimize-touch-targets""}",Overly playful tone + Low clarity,HIGH
144,Legal Fasting / Focus Work Timer,Feature-Rich + Social Proof,Minimalism + Dark Mode (OLED),Focus navy + Deep-work accent + Break green,Professional + Clean hierarchy,Subtle glow + High contrast,"{""if_light_mode_needed"": ""provide-theme-toggle"", ""if_trust_needed"": ""add-testimonials""}",Excessive decoration + Pure decorative backgrounds,HIGH
145,Anonymous Legal Q&A / Ask-a-Lawyer,Social Proof + Feature-Rich,Minimalism + Accessible & Ethical,Trust navy + Subtle accent + Helpful green + Empathy warm,Professional + Clean hierarchy,Subtle transitions + Answer reveals,"{""if_light_mode_needed"": ""provide-theme-toggle"", ""if_trust_needed"": ""add-verified-attorneys""}",Unverified advice + Poor privacy cues,HIGH
146,Legal Events & Networking Discovery,Hero-Centric + Feature-Rich,Minimalism + Motion-Driven,Professional navy + Event category accents + Date highlight,Bold + Engaging + Clear,Scroll reveals + Smooth transitions,"{""if_ux_focused"": ""prioritize-clarity"", ""if_mobile"": ""optimize-touch-targets""}",Cluttered layout + Poor event clarity,HIGH
147,Study-Together / Virtual Bar-Prep Room,Social Proof + Feature-Rich,Minimalism + Soft UI Evolution,Calm focus navy + Session progress indicator + Warm neutral,Professional + Clean hierarchy,Subtle hover + Smooth transitions,"{""if_trust_needed"": ""add-testimonials""}",Excessive decoration + Low focus clarity,HIGH
148,Legal Skills / Advocacy Practice,Feature-Rich + Social Proof,Minimalism + Data-Dense,Navy + Success green + Difficulty gradient (novice green / intermediate amber / advanced red),Professional + Clean hierarchy,Progress reveals + Fast interactions,"{""if_trust_needed"": ""add-outcome-proof""}",Poor contrast + Low clarity,HIGH
149,Legal Education for Kids / Civics,Social Proof + Trust,Accessible & Ethical + Soft UI Evolution,Trust navy + Approachable pastels + Reward gold + Accent,Friendly + Clear + Professional,Gentle reveals + Soft press,"{""if_trust_needed"": ""add-educator-endorsements""}",Overly playful tone + Poor contrast,MEDIUM
150,Courtroom Advocacy / Oral Argument Trainer,Interactive Product Demo + Social Proof,Minimalism + Motion-Driven,Courtroom navy + Feedback accents + Skill progress bar,Bold + Clear + Professional,Scenario reveals + Smooth transitions,"{""if_trust_needed"": ""add-testimonials""}",Cluttered scenarios + Low clarity,HIGH
151,Parking / Courthouse Logistics Finder,Conversion-Optimized + Feature-Rich,Minimalism + Glassmorphism,Trust navy + Available green + Full red + Map neutral,Professional + Clean hierarchy,Status reveals + Translucent overlays,"{""if_low_performance"": ""fallback-to-flat"", ""if_conversion_focused"": ""add-urgency-colors""}",Excessive decoration + Poor status clarity,HIGH
152,Court Transit / Filing Route Guide,Feature-Rich + Interactive Demo,Flat Design + Accessible & Ethical,Transit navy + Real-time indicator green/red + Map neutral,Bold + Clean + Professional,Route reveals + Fast transitions,"{""if_ux_focused"": ""prioritize-clarity"", ""if_mobile"": ""optimize-touch-targets""}",Complex 3D effects + Color-only indicators,HIGH
153,Multi-Jurisdiction Filing Planner,Storytelling-Driven + Hero-Centric,Minimalism + Organic Biophilic,Navy + Jurisdiction accents + Filing markers + Neutral,Elegant + Clear + Professional,Timeline reveals + Smooth transitions,"{""if_ux_focused"": ""prioritize-clarity"", ""if_mobile"": ""optimize-touch-targets""}",Inconsistent styling + Poor jurisdiction clarity,HIGH
154,Legal VPN / Confidentiality Tool,Trust & Authority + Conversion-Optimized,Minimalism + Dark Mode (OLED),Shield navy + Connected green + Disconnected red + Trust accent,Professional + Clean hierarchy,Status reveals + High contrast,"{""if_light_mode_needed"": ""provide-theme-toggle"", ""if_conversion_focused"": ""add-urgency-colors""}",Excessive decoration + Weak security cues,HIGH
155,Legal Emergency / Rights & SOS,Trust & Authority + Social Proof,Accessible & Ethical + Flat Design,Alert red + Trust navy + Location green + High-contrast critical,Bold + Clean + Professional,Fast transitions + Emergency cues,"{""if_trust_needed"": ""add-verified-resources""}",Complex 3D effects + Color-only indicators,HIGH
156,Firm Branding / Theme Templates,Feature-Rich + Social Proof,Minimalism + Trust & Authority,Firm navy + Professional palette options + Accent,Professional + Clean hierarchy,Section gaps + Smooth scroll,"{""if_trust_needed"": ""add-credentials""}",Generic templates + Low clarity,HIGH
157,Legal Focus / Deep-Work Ambient,Minimal & Direct + Social Proof,Minimalism + Dark Mode (OLED),Calming navy + Ambient accent + Subtle focus wave,Professional + Clean hierarchy,Subtle glow + High contrast,"{""if_light_mode_needed"": ""provide-theme-toggle"", ""if_trust_needed"": ""add-testimonials""}",Excessive decoration + Pure decorative backgrounds,HIGH
158,Law Office / Chambers Design Planner,Storytelling-Driven + Feature-Rich,Minimalism + 3D Product Preview,Professional neutral palette + Material accent + Navy,Professional + Clean hierarchy,Subtle hover + Smooth transitions,"{""if_ux_focused"": ""prioritize-clarity"", ""if_mobile"": ""optimize-touch-targets""}",Excessive decoration + Low clarity,HIGH
159,Legal White-Noise / Focus Sound,Minimal & Direct + Social Proof,Minimalism + Dark Mode (OLED),Calming navy + Ambient texture + Subtle sound wave + Focus blue,Professional + Clean hierarchy,Subtle glow + High contrast,"{""if_light_mode_needed"": ""provide-theme-toggle"", ""if_trust_needed"": ""add-testimonials""}",Excessive decoration + Pure decorative backgrounds,HIGH
160,Legal Client Onboarding / Engagement,Social Proof-Focused + Trust,Soft UI Evolution + Minimalism,Trust navy + Warm neutral + Confirmation green,Professional + Clean hierarchy,Step reveals + Smooth transitions,"{""if_trust_needed"": ""add-confidentiality-assurance""}",Overlong onboarding + Poor engagement clarity,HIGH
